id,name,region,type,status,google_name,google_place_id,confidence
"610","Ballorig 's-Hertogenbosch","'s-Hertogenbosch","play","fixed","Ballorig 's Hertogenbosch | Indoor speeltuin","ChIJDWDnKSXuxkcRfxqqlh-CHj0","first-word"
"627","Boerengoed Den Bosch","'s-Hertogenbosch","pancake","fixed","Boerengoed Den Bosch","ChIJhSv-KELuxkcRbe0rrCeFIfk","exact"
"631","De Beren Den Bosch","'s-Hertogenbosch","horeca","fixed","Restaurant De Beren Den Bosch","ChIJicGinfvvxkcRGheea3BGGrE","contains"
"624","Design Museum Den Bosch","'s-Hertogenbosch","museum","fixed","Design Museum Den Bosch","ChIJBeWvVInuxkcRie-q3mM3jI8","exact"
"618","Dierenpark Maliskamp","'s-Hertogenbosch","nature","fixed","Dierenpark Maliskamp","ChIJdZTbnGDlxkcRaPiJCPJaY9E","exact"
"616","Dierenpark Prins Hendrik","'s-Hertogenbosch","nature","fixed","Dierenpark Prins Hendrik","ChIJr1QQBp3vxkcRKYEOJ3UZ8zA","exact"
"630","Happy Italy Den Bosch","'s-Hertogenbosch","horeca","fixed","Happy Italy Den Bosch","ChIJGRA8UYnuxkcRPxapqHbny9U","exact"
"619","Het Bossche Broek","'s-Hertogenbosch","nature","fixed","Bossche Broek","ChIJzfV93PDuxkcR8KVteUvWWxk","contains"
"622","Het Noordbrabants Museum","'s-Hertogenbosch","museum","fixed","Het Noordbrabants Museum","ChIJSaF16_buxkcRSVcOP9V7W9Y","exact"
"621","Hof Eyghentijds","'s-Hertogenbosch","nature","fixed","Hof Eyghentijds","ChIJbREH39rvxkcRmjeGqcOe8b0","exact"
"632","Hof Eyghentijds ‚Äì Boerderijterras","'s-Hertogenbosch","horeca","fixed","Hof Eyghentijds","ChIJbREH39rvxkcRmjeGqcOe8b0","contains"
"613","Jeroen Bosch Tuin","'s-Hertogenbosch","play","fixed","Jeroen Bosch Tuin","ChIJO2wodVjuxkcRwlPo7Am76BU","exact"
"626","Jheronimus Bosch Art Center","'s-Hertogenbosch","museum","fixed","Jheronimus Bosch Art Center","ChIJ9_xWR_juxkcRb2GAVfJ7o-g","exact"
"617","Kinderboerderij 't Veldje","'s-Hertogenbosch","nature","fixed","Kinderboerderij 't Veldjeü™ø","ChIJ7yrEj93vxkcR-B5CLRN6KV8","exact"
"615","Kinderboerderij Oosterhoeve","'s-Hertogenbosch","nature","fixed","kinderboerderij zorgboerderij Oosterhoeve","ChIJ_VT8egnvxkcRz9wxCzVRwLo","first-word"
"623","Museum Kruithuis","'s-Hertogenbosch","museum","fixed","Museum Kruithuis","ChIJjYhgqufvxkcR2L9YcPWuSIs","exact"
"625","Nationaal Carnavalsmuseum","'s-Hertogenbosch","museum","name_mismatch","Carnavalsmuseum 'Oeteldonks Gemintemuzejum'","ChIJwcou9vfuxkcRWPNvY49TWRI","none"
"612","Natuurspeeltuin Oosterplas","'s-Hertogenbosch","play","fixed","Natuurspeeltuin Oosterplas üõù","ChIJdSclsQvvxkcRu-tx-gGa2Io","exact"
"629","Pannekoekenhuys De Pimpernel","'s-Hertogenbosch","pancake","fixed","Pannekoekenhuys De Pimpernel","ChIJaVu-kA_lxkcRxmv08JygPR8","exact"
"628","Pannenkoekenhuis Het Wonderbos","'s-Hertogenbosch","pancake","fixed","Pannenkoekenhuis Het Wonderbos ü•û","ChIJ9REcAXXsxkcRDbSq13TTbrI","exact"
"633","Pannenkoekenrestaurant D'n Berepot","'s-Hertogenbosch","pancake","fixed","Pannenkoekenhuis D'n Berepot ü•û","ChIJG9FBTtfsxkcRwlDUkRhJODo","multi-word"
"611","Speeltuin 't Kwekkeltje","'s-Hertogenbosch","play","fixed","‚Äòt Kwekkeltje","ChIJQYOQVuzvxkcRxECjQgBSYvw","contains"
"614","Speeltuin Noorderplas","'s-Hertogenbosch","play","fixed","Speeltuin Noorderplas üõù","ChIJcb5WqTrvxkcRkZFpoaesIR8","exact"
"620","Zuiderpark 's-Hertogenbosch","'s-Hertogenbosch","nature","fixed","Zuiderpark","ChIJ7Xt5E3rvxkcRTtHeXlXFeTo","contains"
"485","Almeerderstrand","Almere","nature","fixed","Almeerderstrand","ChIJa_8hsH0RxkcRXf74MHou_lc","exact"
"474","Ballorig Almere","Almere","play","fixed","Ballorig","ChIJF2O-6JQWxkcRt4CzqBX5Z6w","contains"
"489","De Beren Almere","Almere","horeca","fixed","De Beren","ChIJM8l8tuYWxkcRaWuEM5ZVa_w","contains"
"494","Familie- en Pannenkoekenrestaurant De Kemphaan","Almere","pancake","name_mismatch","Grandcaf√© de Waterburght","ChIJ4Q4vGYomxkcRR6fgalZb3fo","none"
"475","FunZone Almere","Almere","play","fixed","FunZone Indoor Speeltuin Almere","ChIJEWU0LxLHx0cRdTPH9qfZaiQ","first-word"
"484","Het Vroege Vogelbos","Almere","nature","fixed","Vroege Vogelbos","ChIJQ30eWb4WxkcRilaFWvzTPdQ","contains"
"478","Jeugdland Almere Buiten","Almere","play","fixed","Jeugdland Buiten","ChIJ692ylYwXxkcR68X4T7UJpC4","first-word"
"477","Jeugdland Almere Stad","Almere","play","fixed","Jeugdland Almere-Stad","ChIJUVs7iQgXxkcRDaH_3uotOeo","first-word"
"481","Kinderboerderij De Beestenbende","Almere","nature","fixed","Kinderboerderij de Beestenbende","ChIJq9f5yJcXxkcRRmVYZNkTYp0","exact"
"480","Kinderboerderij Den Uylpark","Almere","nature","fixed","Kinderboerderij Den Uylpark","ChIJu4QBFtkWxkcR47vZxQVRXhk","exact"
"486","Kunstlinie Almere Flevoland","Almere","museum","fixed","Kunstlinie","ChIJRcrS7uYWxkcRFOodCXLJoEI","contains"
"487","Kunstmuseum M.","Almere","museum","name_mismatch","Jij bent M.","ChIJn22Vel0XxkcRibM3tqLrDSo","none"
"479","Lumi√®repark","Almere","nature","fixed","Lumi√®repark","ChIJjafYU_oWxkcReSkJgZLk1FM","exact"
"483","Natuurbelevingcentrum De Oostvaarders","Almere","nature","fixed","Natuurbelevingcentrum De Oostvaarders","ChIJv5oMu-EZxkcRnxP0BoILU8g","exact"
"495","OH MY Pancakes","Almere","pancake","fixed","Oh my pancakes","ChIJnUUnQq4XxkcR7FeiIXv3nlM","exact"
"493","Pannenkoekenrestaurant Smullen en Spelen","Almere","pancake","fixed","Pannenkoekenrestaurant Smullen en Spelen","ChIJt_0EgToWxkcR7xI0okbEtjg","exact"
"476","Speeltuin De Speelhaven","Almere","play","fixed","Speeltuin De Speelhaven","ChIJQ96gsoAWxkcRmP62geolpss","exact"
"488","Stadsboerderij Almere","Almere","museum","fixed","De Stadsboerderij","ChIJXRFWnREWxkcRWnbBWdeiRrE","first-word"
"482","Stadslandgoed De Kemphaan","Almere","nature","fixed","Stadslandgoed de Kemphaan","ChIJwW6Y9REWxkcRyGUSkbvQzy8","exact"
"492","The Black Cockatoo","Almere","horeca","fixed","The Black Cockatoo","ChIJdyjX6g4XxkcRbHoqhci6O_E","exact"
"490","Wereldrestaurant Atlantis","Almere","horeca","fixed","Wereldrestaurant Atlantis Almere","ChIJmR74ru0WxkcR1h5Q0oROys4","contains"
"491","Zuyder","Almere","horeca","fixed","Zuyder","ChIJv9Mg1F8RxkcRReyntnxA4zY","exact"
"426","Ballorig Amersfoort","Amersfoort","play","name_mismatch","Monkey Town Amersfoort | Indoor Speeltuin","ChIJ7XOqtohBxkcR15YJe2XH_6s","none"
"418","DierenPark Amersfoort","Amersfoort","nature","fixed","DierenPark Amersfoort","ChIJ30dmwvxDxkcRNgxyLkFEpBU","exact"
"419","Kinderboerderij Java","Amersfoort","nature","name_mismatch","Stadsboerderij De Vosheuvel ü™ø","ChIJFVMLDi5ExkcRJb9KcIRAn4E","none"
"427","Landgoed Schothorst","Amersfoort","nature","name_mismatch","Park Schothorst","ChIJU8OUAMRGxkcRT85dezMd0ZY","none"
"420","Monkey Town Amersfoort","Amersfoort","play","fixed","Monkey Town Amersfoort | Indoor Speeltuin","ChIJ7XOqtohBxkcR15YJe2XH_6s","contains"
"422","Museum Flehite","Amersfoort","museum","fixed","Museum Flehite - huis voor kunst en geschiedenis in Amersfoort","ChIJCS35xaFGxkcR7apeO5pwQoM","contains"
"423","Pannenkoekenboerderij Mallejan","Amersfoort","pancake","name_mismatch","HEY!Pannenkoek","ChIJ0QFXogFHxkcRIJ8WlZCyrxo","none"
"425","Park Randenbroek","Amersfoort","nature","fixed","Park Randenbroek","ChIJ685OCwBFxkcRAyuYRVBSEXw","exact"
"421","Speelboerderij De Vosheuvel","Amersfoort","play","name_mismatch","Stadsboerderij De Vosheuvel ü™ø","ChIJFVMLDi5ExkcRJb9KcIRAn4E","none"
"424","Stadsboerderij De Nijkamp","Amersfoort","nature","fixed","Stadsboerderij De Vosheuvel ü™ø","ChIJFVMLDi5ExkcRJb9KcIRAn4E","first-word"
"605","'t Pannekoekhuis Apeldoorn","Apeldoorn","pancake","fixed","'t Pannekoekhuis Apeldoorn","ChIJseSJPGHHx0cRN1rSMUnlLUY","exact"
"599","'t Pannekoekhuis Ugchelen","Apeldoorn","pancake","fixed","'t Pannekoekhuis Ugchelen ü•û","ChIJzZRghzi4x0cR8hYFmYD2ja4","exact"
"587","Apenheul","Apeldoorn","nature","fixed","Apenheul","ChIJA04PhffHx0cRUOR-fywIqWA","exact"
"602","Aquacentrum Malkander","Apeldoorn","play","fixed","Aquacentrum Malkander","ChIJEbf_LfK4x0cR_fjVrU7dm_4","exact"
"601","CODA Museum","Apeldoorn","museum","fixed","CODA Museum","ChIJYat7doHHx0cRKh9206B_XjA","exact"
"606","De Boskantine","Apeldoorn","horeca","fixed","Restaurant De Boskantine","ChIJm3gvD_S7x0cRo12KOfGty2k","contains"
"597","Heggies Speelschuur","Apeldoorn","play","fixed","Binnenspeeltuin Heggies Speelschuur","ChIJCdo88qLFx0cRLFOknFaPeBQ","contains"
"589","Julianatoren","Apeldoorn","play","fixed","Kinderpretpark Julianatoren Apeldoorn","ChIJJ8RGjuPHx0cRg_agPPtkJRc","contains"
"596","Kabouterpad Hoenderloo","Apeldoorn","nature","fixed","Kabouterpad Hoenderloo","ChIJpV5uEy-7x0cRKOvIQ6NOzAs","exact"
"592","Kinderboerderij De Maten","Apeldoorn","nature","fixed","Kinderboerderij De Maten","ChIJ04WO6K-4x0cRdeDHa6dyjXY","exact"
"593","Kinderboerderij Laag Buurlo","Apeldoorn","nature","fixed","Kinderboerderij Laag Buurlo","ChIJEyLTeUXHx0cRpD8K9pJYDt0","exact"
"609","Koningshof Vakantiepark Indoor Speeltuin","Apeldoorn","play","fixed","Vakantiepark Koningshof","ChIJMRllMc7AxUcR1BaLtS-r7zU","multi-word"
"591","Monkey Town Indoor Speelparadijs","Apeldoorn","play","fixed","Monkey Town Apeldoorn","ChIJm6H9QThrxkcR4vjKHxJ8L4g","first-word"
"608","Orderbos Apeldoorn","Apeldoorn","nature","fixed","Orderbos","ChIJ9xcAKAO4x0cR4kRLj8DnQRc","contains"
"588","Paleis Het Loo","Apeldoorn","museum","fixed","Paleis Het Loo","ChIJyYwl3r3Hx0cRODX5VtJKsaQ","exact"
"600","Paviljoen Amalia","Apeldoorn","pancake","fixed","Paviljoen Amalia ü•û - Apeldoorn","ChIJ-5OI-X_Hx0cRkAXtGjTeMeU","contains"
"604","Restaurant Bij Ruysch","Apeldoorn","horeca","fixed","bij Ruysch","ChIJN9U6Dyq5x0cRkAKBuUXtRfw","contains"
"603","Restaurant Malkenschoten","Apeldoorn","horeca","fixed","Restaurant Malkenschoten","ChIJAVWKV_G4x0cRCMng7C3dm9w","exact"
"607","Restaurant Triangel","Apeldoorn","horeca","fixed","Restaurant Triangel","ChIJAQAkBUzGx0cRVNOf8LO5e6A","exact"
"595","Schaapskooi Hoog Buurlo","Apeldoorn","nature","fixed","Schaapskooi Hoog Buurlo","ChIJ5Zxef_-2x0cRT0UAEh0KxBU","exact"
"590","Speelboerderij Binky (Kinderparadijs Malkenschoten)","Apeldoorn","nature","fixed","Speelboerderij Binky (Kinderparadijs Malkenschoten)","ChIJcyEQZ_G4x0cRVPXVz-Wb0xc","exact"
"598","Speelparadijs Pannenkoekenhuis Voorst","Apeldoorn","pancake","fixed","Speelparadijs Pannenkoekenhuis Voorst","ChIJQQdCJBOVx0cRL52mxqKx9G8","exact"
"594","Stadspark Berg en Bos","Apeldoorn","nature","fixed","Stadspark Berg & Bos","ChIJ8bg1PvbHx0cRIavgZAa0Zcw","first-word"
"577","'t Pannekoekhuis Schaarsbergen","Arnhem","pancake","fixed","Pannekoekhuis Schaarsbergen","ChIJgVQRw2Clx0cRPtrXVj5gk7o","contains"
"567","Ballorig Arnhem","Arnhem","play","fixed","Ballorig Arnhem | Indoor speeltuin","ChIJ03zPgnKmx0cRve2eoFUIgD4","contains"
"571","Beekdalpark Paasberg","Arnhem","nature","fixed","Beekdalpark Paasberg","ChIJvxICZP6lx0cRWDuNaOdP0Zk","exact"
"575","Bouwspeelplaats De Leuke Linde","Arnhem","play","fixed","De Leuke Linde","ChIJ-6gUeE2kx0cRiFhZE3RfFMU","contains"
"564","Burgers' Zoo","Arnhem","nature","fixed","Burgers' Zoo","ChIJ4aOtrw6lx0cRgvPG-f_0yhc","exact"
"586","De Buren van Thialf","Arnhem","horeca","fixed","De Buren van Thialf","ChIJz7zeu0ikx0cRbus8Uxkej6k","exact"
"581","Goed Proeven","Arnhem","horeca","fixed","Restaurant Goed Proeven","ChIJ1z-M9Eykx0cReEhTkR-8NfY","contains"
"573","Hoeve Klein Mari√´ndaal","Arnhem","nature","fixed","Hoeve Klein Mari√´ndaal Arnhem","ChIJ7RlN0JGlx0cRAm3jplx7D-0","contains"
"583","Landerij De Park","Arnhem","horeca","fixed","Landerij de Park","ChIJzRgv3Jiox0cRjLJdCWco9Xc","exact"
"568","Monkey Town Arnhem","Arnhem","play","fixed","Monkey Town Arnhem | Indoor Speeltuin","ChIJS1GbJhWkx0cRXSOSRe6xgwQ","contains"
"574","Musis & Stadstheater Arnhem","Arnhem","museum","fixed","Musis Arnhem","ChIJjc5zPkukx0cRiUy5n3hTih8","first-word"
"565","Nederlands Openluchtmuseum","Arnhem","museum","fixed","Nederlands Openluchtmuseum","ChIJpardrwSlx0cRd2OoNnIWR6U","exact"
"572","Nederlands Watermuseum","Arnhem","museum","fixed","Nederlands Watermuseum","ChIJURyjZLClx0cRTwJTpaslO8U","exact"
"578","Pannenkoekenboerderij De Steenen Camer","Arnhem","pancake","fixed","Pannenkoekboerderij De Steenen Camer ü•û","ChIJIcWpo-Slx0cRfPoALdDksx8","multi-word"
"576","Pannenkoekhuis Den Strooper","Arnhem","pancake","fixed","Pannenkoekenhuis Den Strooper","ChIJwY0VjFilx0cRNCGur_C8ZVQ","multi-word"
"582","Park Lingezegen ‚Äì Speelbos","Arnhem","nature","name_mismatch","Speelbos De Schuytgraaf","ChIJg48NoqSpx0cRUExyNY2N624","none"
"566","Park Sonsbeek","Arnhem","nature","fixed","Park Sonsbeek","ChIJPRn1y6-lx0cRHjAszYmq21w","exact"
"580","Roadhouse Arnhem","Arnhem","horeca","fixed","Roadhouse Arnhem Bar & Kitchen","ChIJ4fqohmuvx0cRMkBv9xcBpX0","contains"
"579","SmaakLokaal Kindercaf√©","Arnhem","horeca","name_mismatch","Spelen Bij ons","ChIJIVYDdQClx0cRhQ15voVZEwU","none"
"584","Speeltuin De Leemkuil (Park Sonsbeek)","Arnhem","play","fixed","Park Sonsbeek","ChIJPRn1y6-lx0cRHjAszYmq21w","contains"
"569","Stadsboerderij de Korenmaat","Arnhem","nature","fixed","Stadsboerderij de Korenmaat","ChIJ0bwUAmOmx0cRHam6BrDgF2g","exact"
"570","Stadsboerderij Presikhaaf","Arnhem","nature","fixed","Stadsboerderij Presikhaaf","ChIJY0Qyumikx0cREkLK0yx3gwA","exact"
"585","Zorgboerderij De Kroon","Arnhem","nature","fixed","Zorgboerderij De Kroon","ChIJOcXSsRGmx0cRqlGoKrpwBeM","exact"
"536","Barlucca","Breda","horeca","fixed","BarLucca","ChIJK-zlcSmgxkcRA1WxHknZ0Qw","exact"
"524","Boerderij Wolfslaar","Breda","nature","fixed","Boerderij Wolfslaar","ChIJTUXr5b6hxkcRZjnEDs_JvOk","exact"
"537","Bouvigne Paradijs","Breda","horeca","fixed","Restaurant Bouvigne Paradijs","ChIJFwkXQrWhxkcRR2QXMPDKHA8","contains"
"532","Chass√© Theater","Breda","museum","fixed","Chass√© Theater & Cinema Breda","ChIJreMhYYCfxkcRnw3ZwNZ2xPE","contains"
"530","De Uitvindfabriek","Breda","museum","fixed","De Uitvindfabriek","ChIJAfNxz5yfxkcRGpHHw5f2QA8","exact"
"520","FunZone Breda","Breda","play","fixed","FunZone Breda (Indoor Speeltuin, Trampolinepark & Glow Minigolf)","ChIJeZPf-bqfxkcRv53KE8LopZ0","contains"
"521","Haasje Over Kids Indoor","Breda","play","fixed","Haasje Over","ChIJAdBHGYiZxkcRkmJH-FJTiM8","contains"
"519","Kabonk","Breda","play","fixed","Indoorspeeltuin Kabonk","ChIJJUr4cZqhxkcRYXeXwT1f8Tw","contains"
"526","Kinderboerderij De Zandberg","Breda","nature","fixed","Kinderboerderij De Zandberg","ChIJLyds5TKgxkcRgfvN_UyBy64","exact"
"525","Kinderboerderij Parkhoeve Breda-Noord","Breda","nature","fixed","Stichting Kinderboerderij Breda Noord (Parkhoeve)","ChIJaW0vyA2fxkcR5jHVc5Jxu8w","multi-word"
"535","Kloffies & Koffies","Breda","horeca","fixed","Kloffies & Koffies","ChIJjYs8lNOhxkcROICl0KbsDvo","exact"
"529","Liesbos","Breda","nature","fixed","Liesbos","ChIJn1lVSO0fxEcR_TJrT4A0sz8","exact"
"527","Mastbos","Breda","nature","fixed","Mastbos","ChIJYfT7KcKgxkcRxZhVyEsc8wE","exact"
"518","Monkey Town Breda","Breda","play","fixed","Monkey Town","ChIJOXhXwIufxkcRQuRGnlr4ieY","contains"
"533","Oncle Jean","Breda","horeca","fixed","Oncle Jean","ChIJK71DBMuhxkcRWVmCOgw6UIU","exact"
"540","Pannecoeckenhuys De Hannebroeck","Breda","pancake","name_mismatch","Pannekoeckenhuys Restaurant De Hannebroeck","ChIJ64ZES8GYxkcRy5XEZMQfckk","none"
"539","Pannenkoekenhuis Koeckers Den Hout","Breda","pancake","fixed","Pannenkoekenhuis Koeckers Den Hout","ChIJdUnDZO2exkcRcs1PvEWbBuY","exact"
"538","Pannenkoekenrestaurant Dennenlucht","Breda","pancake","fixed","Pannenkoekenrestaurant Dennenlucht","ChIJw0bjloygxkcRNxTXYYpzNM0","exact"
"528","Park Valkenberg","Breda","nature","fixed","Stadspark Valkenberg","ChIJlxIOVYGfxkcRY28OicvPJ3U","contains"
"523","Speelbos Boeverijen","Breda","play","fixed","Speelbos Mastbos","ChIJw-hczrShxkcREiUGErXXJSo","first-word"
"522","Speeltuin Valkenbergpark","Breda","play","fixed","Speeltuin üõù","ChIJoTHr0pyfxkcR5ZImcM5Oq-c","contains"
"534","Spruit","Breda","horeca","fixed","Spruit.","ChIJj3DjGMKhxkcRQj5z0aKD--o","exact"
"531","Stedelijk Museum Breda","Breda","museum","fixed","Stedelijk Museum Breda","ChIJ77JDEIGfxkcRU8hQ-2R6v3k","exact"
"357","Kinderboerderij Het Akkertje","Den Haag","nature","fixed","Kinderboerderij Het Akkertje","ChIJQ10gOOy2xUcR32Xb_vH3Yqo","exact"
"353","LEGOLAND Discovery Centre Scheveningen","Den Haag","play","fixed","LEGOLAND¬Æ Discovery Centre Scheveningen","ChIJW-QNs6CwxUcRVoc5QnLoUyo","exact"
"355","Stadsboerderij 't Waaygat Scheveningen","Den Haag","nature","fixed","Stadsboerderij 't Waaygat","ChIJ0dkFcqSwxUcRlxXNb6xGHSM","contains"
"356","Stadsboerderij De Reigershof","Den Haag","nature","fixed","Stadsboerderij De Reigershof","ChIJXxaAHaO3xUcRdzBhmCp2eIc","exact"
"359","Stadsboerderij Schildershoeve Den Haag","Den Haag","nature","fixed","Stadsboerderij Schildershoeve","ChIJt0ok7ly3xUcRyY_812SqDT4","contains"
"354","Zuiderparadijs Binnenspeeltuin","Den Haag","play","name_mismatch","Indoor Speelparadijs Het Zuiderparadijs","ChIJEUVZ5DSxxUcRBpz6JCIYAjA","none"
"429","Ballorig Veldhoven","Eindhoven","play","fixed","Ballorig Veldhoven","ChIJfdhW_xjaxkcRTUqw6Qnaem0","exact"
"431","Bounce Valley Eindhoven","Eindhoven","play","fixed","Bounce Valley Eindhoven | Luchtkussenpark Eindhoven","ChIJs4USNtzZxkcRvjyDJyVe9qo","contains"
"450","D'n Kleine Dommel","Eindhoven","pancake","fixed","d'n kleine dommel","ChIJCbqzWGAnx0cRGjJO6g1c9oU","exact"
"441","DAF Museum","Eindhoven","museum","fixed","DAF Museum","ChIJjZJfe_vYxkcREbwcVz_-lnQ","exact"
"433","De Genneper Hoeve","Eindhoven","nature","fixed","De Genneper Hoeve","ChIJCUaswq3ZxkcRnlGBv9F9r0E","exact"
"446","De Mispelhoef","Eindhoven","horeca","fixed","De Mispelhoef","ChIJbSrqTozbxkcRSIiRKRLiIzU","exact"
"434","Eigen Wijs Boerderij","Eindhoven","nature","fixed","Eigen Wijs Boerderij","ChIJHyNV3d7bxkcRty0zN65ODXg","exact"
"436","Genneper Parken","Eindhoven","nature","fixed","Paviljoen Genneper Parken","ChIJU77hjLHZxkcRKs3t_aR1tEg","contains"
"447","Jungle Caf√©","Eindhoven","horeca","fixed","Jungle Caf√©","ChIJX_9YJhvZxkcReBZDZxjmLf4","exact"
"435","Kinderboerderij De Hazewinkel","Eindhoven","nature","fixed","Kinderboerderij De Hazewinkel","ChIJ51nihVvaxkcRU-JyG3wZjpU","exact"
"438","Landgoed Eckartdal","Eindhoven","nature","name_mismatch","Wandelpark Eckart","ChIJUxkXa8jYxkcRLqMrJHrBJOQ","none"
"428","Monkey Town Eindhoven","Eindhoven","play","fixed","Monkey Town Eindhoven | Indoor Speeltuin","ChIJ0-2iSFnfxkcRgQs1R3HAncU","contains"
"442","Next Nature Museum","Eindhoven","museum","fixed","Next Nature Museum","ChIJu78mHmXZxkcR8FsTj5rhWyo","exact"
"448","Pannenkoekenhuis De Proeftuin","Eindhoven","pancake","fixed","Pannenkoekenhuis De Proeftuin","ChIJ817KluPbxkcRnZO6UYWJrKw","exact"
"443","Paviljoen Genneper Parken","Eindhoven","horeca","fixed","Paviljoen Genneper Parken","ChIJU77hjLHZxkcRKs3t_aR1tEg","exact"
"440","Philips Museum","Eindhoven","museum","fixed","Philips Museum","ChIJZwwYzATZxkcRXgnHkrU5FNk","exact"
"439","preHistorisch Dorp","Eindhoven","museum","fixed","preHistorisch Dorp","ChIJbV51GazZxkcRQ_RuyYvdrnA","exact"
"445","Restaurant Thym by Parkzicht","Eindhoven","horeca","fixed","Thym by Parkzicht","ChIJ1fMLek3ZxkcRWYEOhhlxPvI","contains"
"430","Speelpark De Splinter","Eindhoven","play","fixed","Speelpark de Splinter","ChIJi4zv_cvexkcRT2VSvfrNVwg","exact"
"432","Speeltuin Wasvenboerderij","Eindhoven","play","name_mismatch","Wasven Gasterij","ChIJu4vXyb_YxkcRBa9_GYw0GPs","none"
"437","Stadswandelpark","Eindhoven","nature","fixed","Stadswandelpark","ChIJy1D-KFXYxkcRMvZtPPRwNY8","exact"
"444","The Happiness Caf√©","Eindhoven","horeca","fixed","The Happiness Caf√© Eindhoven","ChIJpxEiRhvZxkcRWF3NoHgDwLI","contains"
"449","The Pnck Company","Eindhoven","pancake","name_mismatch","Primark","ChIJ545poxzZxkcRyXYnd7loEOY","none"
"471","'t Pannekoekschip","Groningen","pancake","fixed","'t Pannekoekschip","ChIJyROOUlbNyUcRk17HO_bdCXE","exact"
"451","Ballorig Groningen","Groningen","play","fixed","Ballorig Groningen | Indoor speeltuin","ChIJQyldHo7SyUcRsV2r4M47o80","contains"
"470","De Huiskamer","Groningen","horeca","fixed","De huiskamer","ChIJB-tlPiUzyEcRqKGVrsgKrTY","exact"
"466","Forum Groningen","Groningen","museum","fixed","Forum Groningen","ChIJ3RqKRFDNyUcREKqf_-WbEzs","exact"
"463","Groninger Museum","Groningen","museum","fixed","Groninger Museum","ChIJpwjudFPNyUcR1mEqE_1ZjnU","exact"
"462","Hortus Botanicus Haren","Groningen","nature","fixed","Hortus Botanicus Haren","ChIJAToojBMtyEcRzr14t98Sb1k","exact"
"458","Kinderboerderij De Beestenborg","Groningen","nature","fixed","De Beestenborg","ChIJraPhN5bSyUcRVdnjhfQwsGY","contains"
"457","Kinderboerderij Stadspark","Groningen","nature","fixed","Kinderboerderij Stadspark","ChIJYWSt3bUyyEcRVvqoJaH7uCw","exact"
"452","Monkey Town Groningen","Groningen","play","fixed","Monkey Town Groningen | Indoor Speeltuin","ChIJDX4Ab7UyyEcRae7dNyoU9Xg","contains"
"460","Noorderplantsoen","Groningen","nature","fixed","Noorderplantsoen","ChIJfeiYl0bNyUcRwoKknZMpCPE","exact"
"473","Paviljoen Appelbergen","Groningen","pancake","fixed","Paviljoen Appelbergen","ChIJJTY2ET4syEcRYfJ9JRmQo28","exact"
"461","Prinsentuin","Groningen","nature","fixed","Prinsentuin","ChIJLTTPGlrNyUcRj8ioHLxOKOU","exact"
"455","Speeltuin De Helpen","Groningen","play","fixed","De Helpen","ChIJp3Q201EtyEcRn6Bsm4BdvOA","contains"
"454","Speeltuin Noorderplantsoen","Groningen","play","fixed","Speeltuin Noorderplantsoen","ChIJUworIkbNyUcRtXqx8QNiZ-E","exact"
"456","Speeltuin Oosterpark","Groningen","play","name_mismatch","Buurt- en Speeltuinvereniging Ons Belang","ChIJO72H3qbSyUcRVzdfYYmcwCA","none"
"453","Speeltuin Stadspark","Groningen","play","fixed","Speeltuin Stadspark","ChIJrTom4LUyyEcRKSNR4oA8g40","exact"
"459","Stadsboerderij Het Boegbeeld","Groningen","nature","fixed","Stadsboerderij Het Boegbeeld","ChIJX5tj1ezSyUcRBtxHXTENkaA","exact"
"464","StoryWorld (Forum Groningen)","Groningen","museum","fixed","Storyworld","ChIJhTdqbobNyUcRgYwkE3DH9t0","contains"
"472","Toet Pannenkoek","Groningen","pancake","fixed","Toet","ChIJZzPCz1PNyUcRnBwEZ5wHClE","contains"
"465","Universiteitsmuseum Groningen","Groningen","museum","fixed","Universiteitsmuseum Groningen","ChIJO5Z_MlDNyUcRJF5hXJgMj8o","exact"
"467","Wadapartja Westerhaven","Groningen","horeca","fixed","Wadapartja Westerhaven","ChIJ9dksP7bNyUcRniKs0lWhnao","exact"
"469","Zondag Noorderplantsoen","Groningen","horeca","fixed","Zondag","ChIJ9X97j0bNyUcRi_QRH2_YefI","contains"
"344","Boerderij Zorgvrij Spaarnwoude","Haarlem","nature","fixed","Boerderij Zorgvrij","ChIJJ0CMR0_lxUcRnJuLSly3Qog","contains"
"343","Kraantje Lek","Haarlem","pancake","fixed","Kraantje Lek","ChIJF0H-mOvuxUcRTuC776fQcYA","exact"
"349","Restaurant De Vogelensangh","Haarlem","pancake","fixed","Restaurant de Vogelensangh","ChIJ4zh0NBHpxUcRNS_2AeIB5f8","exact"
"348","Speelbos Haarlemmermeerse Bos","Haarlem","nature","fixed","Speelbos Meermond.","ChIJqwGG1rroxUcRMfyh25JKRTY","first-word"
"346","Speeltuin Brouwersplein","Haarlem","play","name_mismatch","Speeltuinvereniging Brouwersplein","ChIJ5XpbLRfvxUcRdojTiGSxxJM","none"
"347","Speeltuin DVS","Haarlem","play","fixed","Speeltuin D.V.S.","ChIJc05_dgDvxUcRe7PMtJyfbp0","exact"
"345","Speeltuin Jeugdland","Haarlem","play","fixed","Speeltuin Jeugdland","ChIJtSKjAQDpxUcRyebzyRCZ00c","exact"
"350","Speeltuin Ramplaankwartier","Haarlem","play","fixed","Speeltuin Ramplaankwartier","ChIJa9-I1yXvxUcR30auqyK6dS8","exact"
"342","Theehuis De Haarlemmerhout","Haarlem","horeca","fixed","Theehuis de Haarlemmerhout","ChIJm0VxZYDvxUcRq8w2ZPooxZg","exact"
"337","BubbelJungle Binnenspeeltuin","Leiden","play","name_mismatch","De BUB","ChIJF68sTCfExUcRsvQUvnW_bmk","none"
"341","De Tapuit Waterspeeltuin Meijendel","Leiden","nature","name_mismatch","Bezoekerscentrum Dunea, De Tapuit","ChIJuaZwacG5xUcRnNZ3SNiBv2Y","none"
"338","Kinderboerderij Leiderdorp Houtkamp","Leiden","nature","fixed","Kinderboerderij Leiderdorp","ChIJdyVscTDExUcRQKodxJKLlho","contains"
"330","Kinderboerderij Merenwijk","Leiden","nature","fixed","Kinderboerderij Merenwijk","ChIJucgiCqXGxUcR6JJCFtcnSGA","exact"
"335","Pannenkoekenhuis De Schaapsbel","Leiden","pancake","fixed","Pannenkoekenhuis de Schaapsbel","ChIJ0RyNO-zGxUcR_Xe6644al1c","exact"
"336","Pannenkoekenhuisje Hans en Grietje","Leiden","pancake","fixed","Pannenkoekenhuisje Hans & Grietje","ChIJI-zbnXnAxUcR6YhdAJMiAgY","first-word"
"334","Speeltuin De Speelschans","Leiden","play","fixed","Speeltuin de Speelschans","ChIJv3gn_ofGxUcRbgARZVByRyU","exact"
"340","Speeltuin Merendroom","Leiden","play","name_mismatch","Speeltuinvereniging Merendroom","ChIJS2WMlLzGxUcRk_SF5PoL7ag","none"
"332","Speeltuin Westerkwartier","Leiden","play","name_mismatch","Speeltuinvereniging Westerkwartier","ChIJ5-_SZfrGxUcR3ebQeAIMtJk","none"
"339","Speeltuin Zuiderkwartier","Leiden","play","fixed","Speeltuin Vereniging Zuiderkwartier","ChIJjTFVYorGxUcRkogsnWfk4lw","first-word"
"333","Speeltuin Zuidwest Leiden","Leiden","play","name_mismatch","Speeltuinvereniging Zuid-West","ChIJt4VKhFvGxUcRizdZa9Ilpt0","none"
"331","Theehuis De Trotse Pauw","Leiden","horeca","fixed","de trotse pauw","ChIJfxQ9CaXGxUcRbDhd6ShXLIQ","contains"
"558","Cafe de Blonde Pater","Nijmegen","horeca","fixed","Caf√© de Blonde Pater","ChIJjyDXl0MIx0cRJqdVn2Rh65M","exact"
"551","Dierenweide Kronenburgerpark","Nijmegen","nature","fixed","Dierenweide Kronenburgerpark","ChIJKTSDeQAJx0cRzvrAfaWFjUw","exact"
"541","FunZone Nijmegen","Nijmegen","play","fixed","FunZone Nijmegen","ChIJec1MSAaox0cRANHO9RKhEEU","exact"
"548","Goffertpark","Nijmegen","nature","fixed","Goffertpark Nijmegen","ChIJNRIFmXsJx0cRKL3rtQZLRkg","contains"
"555","In de Kazerne","Nijmegen","horeca","fixed","In de Kazerne","ChIJ_QsrbVYIx0cRdTeOt5jDoJ4","exact"
"546","Kinderboerderij De Goffert","Nijmegen","nature","fixed","Kinderboerderij de Goffertü™ø","ChIJn_jTmo8Ix0cRvD5Hvk71kvA","exact"
"547","Kinderboerderij Kobus","Nijmegen","nature","fixed","Kinderboerderij Kobusü™ø","ChIJ49x3GGMIx0cRSj8KCKY2xuA","exact"
"545","Kronenburgerpark","Nijmegen","play","fixed","Kronenburgerpark","ChIJGXiqjkIIx0cRCq1jn4zSRp8","exact"
"549","Landerij De Park","Nijmegen","nature","fixed","Landerij de Park","ChIJzRgv3Jiox0cRjLJdCWco9Xc","exact"
"562","MANNA Nijmegen","Nijmegen","horeca","fixed","MANNA Nijmegen","ChIJAeG2ZlsIx0cRP0JpZPZNGr0","exact"
"542","Monkey Town Wijchen","Nijmegen","play","fixed","Monkey Town","ChIJF6zJeZMGx0cRLP9mbtTYyKE","contains"
"552","Museum De Bastei","Nijmegen","museum","fixed","Museum De Bastei","ChIJCaUf40UIx0cR6FkgJWjRBIU","exact"
"553","Museum Het Valkhof","Nijmegen","museum","fixed","Valkhof Museum","ChIJlXHcXk8Ix0cR7JkPprXpoDo","multi-word"
"554","Nationaal Fietsmuseum Velorama","Nijmegen","museum","fixed","Nationaal Fietsmuseum Velorama","ChIJQ_IF_0UIx0cRuuLM_dTh38Y","exact"
"556","Osteria Pomodoro","Nijmegen","horeca","fixed","Osteria Pomodoro","ChIJ1xNCtkQJx0cRaQTA0lHCC0c","exact"
"560","Pannenkoekenboot Nijmegen","Nijmegen","pancake","fixed","Pannenkoekenboot Nijmegen","ChIJJ_w2_kUIx0cRcwgGlsZe_JM","exact"
"559","Pannenkoekenrestaurant 't Hoogstraatje","Nijmegen","pancake","fixed","Pannenkoekenrestaurant 't Hoogstraatje ü•û","ChIJ0UrpmUUIx0cRHKFfvivbAVM","exact"
"561","Pannenkoekenrestaurant De Heksendans","Nijmegen","pancake","name_mismatch","Pannenkoekhuis De Heksendans ü•û","ChIJHdZzQmMJx0cRSWXSVwM5JRg","none"
"550","Park Lingezegen","Nijmegen","nature","fixed","Park Lingezegen","ChIJFU7b3Uamx0cRbPBrUwoHfhk","exact"
"557","Restaurant Stroom Lent","Nijmegen","horeca","fixed","Caf√© Restaurant Stroom Lent","ChIJC5d3gtkJx0cRWYKIYVzL5PQ","contains"
"544","Speeltuin Brakkefort","Nijmegen","play","fixed","Speeltuin Brakkefort üõù","ChIJ_cf9RugIx0cRaIPb_pcaV-s","exact"
"543","Speeltuin De Leemkuil","Nijmegen","play","fixed","Speeltuin De Leemkuil üõù","ChIJ3ydl6gYJx0cReLVCiiyfbMo","exact"
"352","Happy Italy De Kuip","Rotterdam","horeca","fixed","Happy Italy de Kuip","ChIJBcwojgEzxEcRHQjGGFn0WYA","exact"
"351","Pannenkoe Restaurant Ridderkerk","Rotterdam","pancake","fixed","Pannenkoe Ridderkerk","ChIJtUZGlcQtxEcRhgxcmlMf0DI","first-word"
"497","Ballorig Tilburg","Tilburg","play","fixed","Ballorig Tilburg | Indoor speeltuin","ChIJVY8R85yVxkcR3qcwfN59UhI","contains"
"516","Brasserie Anvers","Tilburg","horeca","fixed","Anvers","ChIJ5wQnMzS-xkcRjvRhtSr1Zj4","contains"
"515","Cafe Brandpunt","Tilburg","horeca","fixed","Caf√© Brandpunt","ChIJewVSMsu_xkcR_51wp1z0bUI","exact"
"510","De Pont Museum","Tilburg","museum","fixed","De Pont Museum","ChIJ25uraCS-xkcRCsnfJPp_Ok0","exact"
"503","Dierenweide Quirijnstokpark","Tilburg","nature","name_mismatch","Onze 013 Boerderij Hertenweide Quirijnstokpark","ChIJCZnHXQ6VxkcRqVZB6fBqqP8","none"
"511","Het Ketelhuis","Tilburg","pancake","fixed","Het Ketelhuis Tilburg","ChIJf-23Bbi_xkcRVDeXh7_YSak","contains"
"506","Kinderboerderij Stokhasselt","Tilburg","nature","name_mismatch","Onze 013 boerderij Stokhasselt","ChIJISY0OJOVxkcRcImlWx92PCY","none"
"502","Kinderboerderij Wandelbos","Tilburg","nature","name_mismatch","Onze 013 boerderij Het Wandelbos","ChIJx56jPv69xkcRydUTEBOTHRU","none"
"501","Leijpark","Tilburg","nature","fixed","Leijpark","ChIJF8T9U7e_xkcRazMwo4w4adE","exact"
"496","Monkey Town Tilburg","Tilburg","play","fixed","Monkey Town Tilburg | Indoor Speeltuin","ChIJGRFp2mGXxkcRoHNh-P0aOUQ","contains"
"507","Natuurmuseum Brabant","Tilburg","museum","fixed","Stichting Natuurmuseum Brabant","ChIJlQRnBjG-xkcRCzyCzPzNCoE","contains"
"508","Ontdekstation013","Tilburg","museum","fixed","Ontdekstation","ChIJZ56AwjK-xkcRNKOXUi3HevY","contains"
"505","Oude Warande","Tilburg","nature","fixed","Oude Warande","ChIJX7-bkeO9xkcR0mZK2rGRqbg","exact"
"512","Pannenkoekenparadijs Tilburg","Tilburg","pancake","fixed","PannenkoekenParadijs Tilburg","ChIJd9nRjSmWxkcROzmqzvNm0Is","exact"
"513","Pannenkoekenrestaurant De Financien","Tilburg","pancake","fixed","Pannenkoekenrestaurant De Financi√´n","ChIJNWXUUDWUxkcR789XW44kI64","exact"
"504","Safaripark Beekse Bergen","Tilburg","nature","fixed","Safaripark Beekse Bergen","ChIJD-cvPIG_xkcRgaD1r8yPtYs","exact"
"500","Speelland Beekse Bergen","Tilburg","play","fixed","Speelland Beekse Bergen","ChIJp_pb9Xe_xkcRJqdQ56VS-zc","exact"
"499","Spoorpark Tilburg","Tilburg","play","fixed","Spoorpark","ChIJiQ49ezu-xkcRqdSYk9lTwz8","contains"
"517","T-Huis Spoorpark","Tilburg","horeca","fixed","T-Huis","ChIJGVtbzxm_xkcRd4shhBZdr4M","contains"
"509","TextielMuseum","Tilburg","museum","fixed","TextielMuseum","ChIJUde01Ce-xkcRVG_mRDfM0dY","exact"
"514","Uitspanning De Zeven Geitjes","Tilburg","horeca","fixed","Uitspanning De Zeven Geitjes","ChIJ4Rcebvy9xkcRj_c3twCn_fE","exact"
"498","Voltkids Adventure","Tilburg","play","fixed","Voltkids Adventure","ChIJwV1xoky-xkcRVTd5HftuQQ0","exact"